{
  "fecha_entrenamiento": "20250115_000736",
  "metricas": {
    "r2_score": null,
    "coef": [
      0.9999999999999981,
      -2.2521833530615548e-17,
      1.4202844254244962e-15,
      1.596868581553455e-15,
      -8.019210188248574e-16
    ]
  },
  "parametros": {
    "dias_stock_seguridad": 3,
    "horas_min_produccion": 2,
    "features": [
      "venta_actual",
      "venta_anterior",
      "stock_total",
      "dias_cobertura",
      "ratio_venta"
    ]
  }
}